-- init_db/02_insert_data.sql
INSERT INTO wells (well_id, name, field_name, region, start_date, operator, status) VALUES
(1, 'Well-101', 'Severo-Ural', 'Khanty-Mansi', '2018-03-15', 'UralOil', 'active'),
(2, 'Well-102', 'Severo-Ural', 'Khanty-Mansi', '2019-07-22', 'UralOil', 'active'),
(3, 'Well-203', 'Vostok-Field', 'Yamalo-Nenets', '2020-02-11', 'GazPromTech', 'maintenance'),
(4, 'Well-304', 'Zapad-Field', 'Tomsk', '2017-05-01', 'RosDrill', 'suspended'),
(5, 'Well-305', 'Zapad-Field', 'Tomsk', '2019-11-03', 'RosDrill', 'active');

INSERT INTO production (well_id, date, oil_ton, gas_m3, water_m3, energy_kwh, downtime_hours, temperature, pressure) VALUES
(1,'2025-10-01',212.4,55200,182.3,7450,0.5,88.1,120.4),
(1,'2025-10-02',213.8,55320,181.9,7490,0.3,87.8,121.0),
(1,'2025-10-03',211.9,55040,183.2,7430,0.7,88.5,119.8),
(1,'2025-10-04',215.1,55500,180.5,7515,0.2,87.6,121.5),
(1,'2025-10-05',214.6,55380,182.0,7480,0.4,88.0,120.9),
(1,'2025-10-06',213.2,55210,183.1,7460,0.6,88.2,120.3),
(1,'2025-10-07',211.7,55000,184.0,7420,1.0,89.1,119.6),
(1,'2025-10-08',212.5,55130,182.5,7445,0.3,88.4,120.1),
(1,'2025-10-09',213.9,55310,181.6,7475,0.4,88.0,121.2),
(1,'2025-10-10',212.0,55080,183.0,7435,0.8,88.7,120.0),
(1,'2025-10-11',211.4,54950,184.2,7410,0.5,88.9,119.7),
(1,'2025-10-12',213.1,55180,182.8,7455,0.6,88.3,120.6),
(1,'2025-10-13',214.9,55440,181.5,7490,0.3,87.9,121.0),
(1,'2025-10-14',215.2,55510,180.8,7500,0.2,87.7,121.3),
(1,'2025-10-15',212.7,55170,182.9,7450,0.4,88.2,120.4),
(1,'2025-10-16',211.5,54990,183.4,7430,0.7,88.6,119.9),
(1,'2025-10-17',212.2,55100,182.7,7440,0.6,88.4,120.1),
(1,'2025-10-18',213.5,55270,181.9,7470,0.4,88.1,120.8),
(1,'2025-10-19',214.0,55360,181.2,7480,0.3,87.8,121.2),
(1,'2025-10-20',213.6,55290,182.0,7475,0.5,88.0,120.9),
(1,'2025-10-21',212.8,55170,183.1,7450,0.4,88.3,120.3),
(1,'2025-10-22',211.9,55020,184.0,7420,0.8,88.9,119.8),
(1,'2025-10-23',212.7,55110,183.2,7440,0.6,88.4,120.2),
(1,'2025-10-24',214.2,55380,181.6,7480,0.3,87.9,121.1),
(1,'2025-10-25',213.4,55240,182.4,7465,0.5,88.1,120.7),
(1,'2025-10-26',212.6,55100,183.5,7440,0.6,88.4,120.2),
(1,'2025-10-27',213.9,55310,181.7,7475,0.4,88.0,121.0),
(1,'2025-10-28',214.5,55400,181.0,7485,0.3,87.7,121.3),
(1,'2025-10-29',212.3,55150,182.8,7450,0.5,88.2,120.4),
(1,'2025-10-30',213.0,55240,182.1,7460,0.4,88.0,120.6),
(2,'2025-10-01',186.1,49800,162.0,6800,0.8,84.5,115.4),
(2,'2025-10-02',184.8,49670,161.7,6765,1.0,84.3,114.8),
(2,'2025-10-03',185.9,49780,160.9,6780,0.7,84.7,115.2),
(2,'2025-10-04',187.3,49910,160.1,6820,0.5,84.2,115.9),
(2,'2025-10-05',186.8,49860,161.0,6810,0.6,84.4,115.6),
(2,'2025-10-06',185.4,49700,162.4,6785,0.9,84.6,115.0),
(2,'2025-10-07',184.2,49580,163.0,6760,1.2,84.9,114.7),
(2,'2025-10-08',185.1,49700,161.9,6780,0.8,84.5,115.2),
(2,'2025-10-09',186.5,49840,160.7,6810,0.6,84.3,115.7),
(2,'2025-10-10',185.9,49790,161.3,6795,0.7,84.5,115.3),
(2,'2025-10-11',184.7,49650,162.0,6770,1.0,84.7,114.9),
(2,'2025-10-12',185.3,49710,161.8,6785,0.8,84.6,115.1),
(2,'2025-10-13',186.4,49850,160.9,6805,0.5,84.3,115.6),
(2,'2025-10-14',187.0,49920,160.2,6820,0.4,84.2,115.9),
(2,'2025-10-15',185.7,49770,161.5,6790,0.7,84.5,115.2),
(2,'2025-10-16',184.6,49640,162.4,6770,1.0,84.8,114.8),
(2,'2025-10-17',185.2,49700,161.9,6785,0.8,84.6,115.0),
(2,'2025-10-18',186.3,49840,160.8,6810,0.6,84.4,115.5),
(2,'2025-10-19',186.9,49900,160.1,6825,0.5,84.2,115.8),
(2,'2025-10-20',185.8,49780,161.4,6795,0.7,84.5,115.3),
(2,'2025-10-21',184.9,49660,162.3,6775,1.0,84.8,114.9),
(2,'2025-10-22',185.5,49720,161.7,6785,0.8,84.6,115.1),
(2,'2025-10-23',186.7,49860,160.6,6810,0.5,84.3,115.6),
(2,'2025-10-24',187.2,49910,160.0,6820,0.4,84.2,115.9),
(2,'2025-10-25',185.6,49780,161.6,6790,0.7,84.5,115.3),
(2,'2025-10-26',184.5,49640,162.5,6770,1.0,84.8,114.8),
(2,'2025-10-27',185.1,49700,161.8,6785,0.8,84.6,115.1),
(2,'2025-10-28',186.4,49840,160.7,6810,0.6,84.4,115.5),
(2,'2025-10-29',186.9,49900,160.1,6825,0.5,84.2,115.8),
(2,'2025-10-30',185.8,49780,161.4,6795,0.7,84.5,115.3),
(3,'2025-10-01',121.8,40120,121.5,5280,2.0,79.4,107.1),
(3,'2025-10-02',120.7,40010,120.8,5250,2.2,79.7,106.8),
(3,'2025-10-03',122.1,40180,121.0,5300,1.8,79.3,107.3),
(3,'2025-10-04',123.0,40300,120.3,5330,1.5,79.1,107.6),
(3,'2025-10-05',121.4,40140,121.2,5280,2.1,79.5,107.0),
(3,'2025-10-06',120.9,40060,121.7,5260,2.3,79.8,106.8),
(3,'2025-10-07',119.7,39920,122.5,5230,2.8,80.2,106.4),
(3,'2025-10-08',121.0,40080,121.1,5270,2.0,79.6,107.0),
(3,'2025-10-09',122.3,40210,120.5,5300,1.7,79.2,107.4),
(3,'2025-10-10',121.9,40160,121.0,5285,2.0,79.4,107.2),
(3,'2025-10-11',120.8,40040,121.8,5260,2.3,79.8,106.8),
(3,'2025-10-12',121.3,40100,121.4,5275,2.1,79.5,107.0),
(3,'2025-10-13',122.6,40250,120.7,5305,1.6,79.1,107.5),
(3,'2025-10-14',123.2,40310,120.2,5330,1.5,79.0,107.7),
(3,'2025-10-15',121.6,40140,121.3,5280,2.0,79.4,107.1),
(3,'2025-10-16',120.7,40030,121.9,5255,2.2,79.7,106.8),
(3,'2025-10-17',121.0,40090,121.5,5270,2.0,79.6,107.0),
(3,'2025-10-18',122.2,40220,120.6,5300,1.8,79.3,107.4),
(3,'2025-10-19',123.0,40300,120.0,5325,1.5,79.1,107.6),
(3,'2025-10-20',121.9,40180,121.0,5285,2.0,79.4,107.2),
(3,'2025-10-21',120.8,40050,121.8,5260,2.3,79.8,106.8),
(3,'2025-10-22',121.2,40100,121.4,5275,2.1,79.5,107.0),
(3,'2025-10-23',122.5,40240,120.8,5305,1.6,79.1,107.5),
(3,'2025-10-24',123.1,40310,120.3,5330,1.5,79.0,107.7),
(3,'2025-10-25',121.5,40140,121.2,5280,2.0,79.4,107.1),
(3,'2025-10-26',120.6,40030,121.9,5255,2.2,79.7,106.8),
(3,'2025-10-27',121.0,40090,121.5,5270,2.0,79.6,107.0),
(3,'2025-10-28',122.2,40220,120.6,5300,1.8,79.3,107.4),
(3,'2025-10-29',123.0,40300,120.0,5325,1.5,79.1,107.6),
(3,'2025-10-30',121.9,40180,121.0,5285,2.0,79.4,107.2),
(4,'2025-10-01',0,0,0,0,24,NULL,NULL),
(5,'2025-10-01',197.2,52050,165.3,7200,0.4,86.5,118.8),
(5,'2025-10-02',198.0,52200,166.1,7230,0.5,86.7,119.3),
(5,'2025-10-03',199.3,52350,165.7,7260,0.6,87.0,119.7),
(5,'2025-10-04',197.5,52100,166.5,7210,0.5,86.6,119.0),
(5,'2025-10-05',198.2,52240,165.9,7240,0.4,86.8,119.4),
(5,'2025-10-06',199.1,52380,165.4,7265,0.3,87.0,119.8),
(5,'2025-10-07',198.5,52300,166.0,7250,0.4,86.9,119.6),
(5,'2025-10-08',197.8,52180,166.4,7230,0.5,86.7,119.2),
(5,'2025-10-09',199.0,52340,165.8,7255,0.3,86.9,119.7),
(5,'2025-10-10',198.7,52300,166.0,7245,0.4,86.8,119.5),
(5,'2025-10-11',197.9,52160,166.5,7225,0.6,86.6,119.1),
(5,'2025-10-12',198.6,52280,165.9,7240,0.5,86.8,119.4),
(5,'2025-10-13',199.3,52390,165.5,7260,0.3,87.0,119.8),
(5,'2025-10-14',198.9,52320,165.8,7250,0.4,86.9,119.6),
(5,'2025-10-15',198.0,52190,166.3,7230,0.5,86.7,119.3),
(5,'2025-10-16',197.4,52080,166.6,7215,0.6,86.6,119.0),
(5,'2025-10-17',198.5,52280,166.0,7240,0.4,86.8,119.4),
(5,'2025-10-18',199.1,52390,165.5,7260,0.3,87.0,119.8),
(5,'2025-10-19',198.6,52310,165.8,7250,0.4,86.9,119.6),
(5,'2025-10-20',197.9,52180,166.4,7230,0.5,86.7,119.2),
(5,'2025-10-21',199.0,52340,165.8,7255,0.3,86.9,119.7),
(5,'2025-10-22',198.7,52300,166.0,7245,0.4,86.8,119.5),
(5,'2025-10-23',197.9,52160,166.5,7225,0.6,86.6,119.1),
(5,'2025-10-24',198.6,52280,165.9,7240,0.5,86.8,119.4),
(5,'2025-10-25',199.3,52390,165.5,7260,0.3,87.0,119.8),
(5,'2025-10-26',198.9,52320,165.8,7250,0.4,86.9,119.6),
(5,'2025-10-27',198.0,52190,166.3,7230,0.5,86.7,119.3),
(5,'2025-10-28',197.4,52080,166.6,7215,0.6,86.6,119.0),
(5,'2025-10-29',198.5,52280,166.0,7240,0.4,86.8,119.4),
(5,'2025-10-30',199.1,52390,165.5,7260,0.3,87.0,119.8);

INSERT INTO well_telemetry (well_id, timestamp, pump_speed_rpm, pump_current, pressure_in, pressure_out, temperature, vibration, oil_flow_rate) VALUES
(1,'2025-10-01 00:00',1470,58.2,95.3,122.4,88.1,1.4,8.8),
(1,'2025-10-01 01:00',1468,58.5,95.1,122.1,88.2,1.5,8.9),
(2,'2025-10-01 00:00',1430,54.5,91.2,115.4,84.3,1.5,7.5),
(2,'2025-10-01 01:00',1428,54.3,91.0,115.0,84.2,1.6,7.4);

INSERT INTO well_targets (well_id, date, daily_oil_ton) VALUES
(1,'2025-10-01',212.4),(1,'2025-10-02',213.8),(1,'2025-10-03',211.9),(1,'2025-10-04',215.1),(1,'2025-10-05',214.6),
(1,'2025-10-06',213.2),(1,'2025-10-07',211.7),(1,'2025-10-08',212.5),(1,'2025-10-09',213.9),(1,'2025-10-10',212.0),
(1,'2025-10-11',211.4),(1,'2025-10-12',213.1),(1,'2025-10-13',214.9),(1,'2025-10-14',215.2),(1,'2025-10-15',212.7),
(1,'2025-10-16',211.5),(1,'2025-10-17',212.2),(1,'2025-10-18',213.5),(1,'2025-10-19',214.0),(1,'2025-10-20',213.6),
(1,'2025-10-21',212.8),(1,'2025-10-22',211.9),(1,'2025-10-23',212.7),(1,'2025-10-24',214.2),(1,'2025-10-25',213.4),
(1,'2025-10-26',212.6),(1,'2025-10-27',213.9),(1,'2025-10-28',214.5),(1,'2025-10-29',212.3),(1,'2025-10-30',213.0),
(2,'2025-10-01',185.9),(2,'2025-10-02',184.8),(2,'2025-10-03',185.9),(2,'2025-10-04',187.3),(2,'2025-10-05',186.8),
(2,'2025-10-06',185.4),(2,'2025-10-07',184.2),(2,'2025-10-08',185.1),(2,'2025-10-09',186.5),(2,'2025-10-10',185.9),
(2,'2025-10-11',184.7),(2,'2025-10-12',185.3),(2,'2025-10-13',186.4),(2,'2025-10-14',187.0),(2,'2025-10-15',185.7),
(2,'2025-10-16',184.6),(2,'2025-10-17',185.2),(2,'2025-10-18',186.3),(2,'2025-10-19',186.9),(2,'2025-10-20',185.8),
(2,'2025-10-21',184.9),(2,'2025-10-22',185.5),(2,'2025-10-23',186.7),(2,'2025-10-24',187.2),(2,'2025-10-25',185.6),
(2,'2025-10-26',184.5),(2,'2025-10-27',185.1),(2,'2025-10-28',186.4),(2,'2025-10-29',186.9),(2,'2025-10-30',185.8),
(5,'2025-10-01',197.2),(5,'2025-10-02',198.0),(5,'2025-10-03',199.3),(5,'2025-10-04',197.5),(5,'2025-10-05',198.2),
(5,'2025-10-06',199.1),(5,'2025-10-07',198.5),(5,'2025-10-08',197.8),(5,'2025-10-09',199.0),(5,'2025-10-10',198.7),
(5,'2025-10-11',197.9),(5,'2025-10-12',198.6),(5,'2025-10-13',199.3),(5,'2025-10-14',198.9),(5,'2025-10-15',198.0),
(5,'2025-10-16',197.4),(5,'2025-10-17',198.5),(5,'2025-10-18',199.1),(5,'2025-10-19',198.6),(5,'2025-10-20',197.9),
(5,'2025-10-21',199.0),(5,'2025-10-22',198.7),(5,'2025-10-23',197.9),(5,'2025-10-24',198.6),(5,'2025-10-25',199.3),
(5,'2025-10-26',198.9),(5,'2025-10-27',198.0),(5,'2025-10-28',197.4),(5,'2025-10-29',198.5),(5,'2025-10-30',199.1);

INSERT INTO pumps (pump_id, well_id, type, install_date, manufacturer, model) VALUES
(1,1,'ESP-500','2022-04-10','NOV','ALX500'),
(2,1,'ESP-500','2022-04-15','NOV','ALX500'),
(3,2,'Centrifugal-300','2021-12-01','Borets','CF300'),
(4,3,'Progressive-100','2023-01-12','Schlumberger','PG100'),
(5,5,'ESP-450','2022-07-21','BakerHughes','BH450');

INSERT INTO pump_sensors (pump_id, timestamp, temperature, vibration, current, rpm, pressure) VALUES
(1,'2025-10-01 00:00',72.3,2.1,58.2,1470,122.4),
(1,'2025-10-01 03:00',72.6,2.0,58.4,1472,122.5),
(1,'2025-10-01 06:00',73.1,2.2,58.6,1474,122.6),
(3,'2025-10-01 00:00',69.1,1.9,54.1,1430,115.4),
(3,'2025-10-01 03:00',69.3,1.8,54.3,1431,115.6),
(5,'2025-10-01 00:00',70.8,2.2,56.1,1460,119.4),
(5,'2025-10-01 03:00',71.0,2.3,56.2,1461,119.5);

INSERT INTO pump_failures (pump_id, failure_date, failure_type, downtime_hours) VALUES
(1,'2025-10-04 02:00','Overheating',6.5),
(3,'2025-10-04 06:00','Bearing vibration',8.0),
(5,'2025-10-04 08:00','Electrical fault',10.2);

INSERT INTO drivers (driver_id, name, experience_years, region) VALUES
(1,'Ivan Petrov',8,'Khanty-Mansi'),
(2,'Sergey Sidorov',12,'Tomsk'),
(3,'Aleksey Smirnov',5,'Tyumen'),
(4,'Pavel Egorov',15,'Perm'),
(5,'Andrey Kuznetsov',10,'Omsk');

INSERT INTO vehicles (vehicle_id, plate_number, capacity_ton, fuel_type) VALUES
(1,'X123HM89',40.0,'diesel'),
(2,'K456TM70',35.0,'diesel'),
(3,'A789PO72',25.0,'gas'),
(4,'M234KE86',30.0,'diesel'),
(5,'E567TT55',20.0,'diesel');

INSERT INTO deliveries (date, source, destination, product_type, volume_ton, cost_usd, delay_hours, distance_km, weather_conditions, driver_id, vehicle_id) VALUES
('2025-10-01','Base-Khanty','Station-01','Diesel',32.5,2100.50,0.0,180.0,'Clear',1,1),
('2025-10-01','Base-Tomsk','Station-02','Gasoline',28.0,1850.00,1.5,150.0,'Rain',2,2),
('2025-10-01','Base-Tyumen','Station-03','Diesel',22.0,1650.25,0.0,120.0,'Clear',3,3),
('2025-10-02','Base-Khanty','Station-04','Kerosene',35.0,2400.80,2.0,210.0,'Fog',4,1);

INSERT INTO oil_stations (station_name, latitude, longitude, oil_flow_per_day) VALUES
('Ufa Station',54.7388,55.9721,12500),
('Perm Station',58.0105,56.2294,8700),
('Omsk Station',54.9893,73.3682,15600),
('Tyumen Station',57.1530,65.5343,11200);